dataset,pr,psl,tas,tasmax,tasmin
CMIP6_AS-RCEC_TaiESM1_historical_r1i1p1f1_day_gn_20200626,hdl:21.14100/dc2d46d8-d98e-3150-8f33-7bfce81b244f,hdl:21.14100/1709f19d-7851-3577-aeaa-67692cbd589c,hdl:21.14100/07065a43-7a4f-38e9-9027-73a10ca97d7e,NA,NA
CMIP6_AS-RCEC_TaiESM1_ssp585_r1i1p1f1_day_gn_20200902,hdl:21.14100/2e6c5c9c-013f-3bb0-971f-5a3f19ab42f5,hdl:21.14100/b882cfdb-706b-399a-b3ae-bfc113b7bdae,hdl:21.14100/d23209fd-2a33-3e4e-b2a8-dda9ec9b1e07,NA,NA
CMIP6_AWI_AWI-CM-1-1-MR_historical_r1i1p1f1_day_gn_20181218,NA,NA,hdl:21.14100/7c050b12-6318-3348-ac9c-48ce8d2ab664,hdl:21.14100/46e1c785-1972-3733-afa9-b1c079fc48d4,hdl:21.14100/fe333a74-bc18-3ec1-9a8c-b9508de7a88e
CMIP6_AWI_AWI-CM-1-1-MR_ssp126_r1i1p1f1_day_gn_20190529,hdl:21.14100/5ceaf3fb-1f4d-3546-96b3-6fe16bd609ce,hdl:21.14100/1de25cde-8b17-35ed-9c6f-5badb0cb9456,hdl:21.14100/fbc8be25-475d-38fe-bfd7-e34f33434bbf,hdl:21.14100/7efe5dca-3f3f-33fd-8bc4-c524b6edac80,hdl:21.14100/c1cf9269-f45b-3c47-86a2-aae8f29b88d6
CMIP6_AWI_AWI-CM-1-1-MR_ssp245_r1i1p1f1_day_gn_20190529,hdl:21.14100/dc8887f0-dcab-37c0-97ba-00894c993a6e,hdl:21.14100/d4bc9391-bb67-3c2f-ab70-b2ad3c50e2e6,hdl:21.14100/d49b737c-6773-33dd-94ea-66161c8a7be1,hdl:21.14100/08fe77c6-eb20-3871-ba38-79c51bb4f4b3,hdl:21.14100/d459fbe9-466a-38f8-aeb8-0688d57121b2
CMIP6_AWI_AWI-CM-1-1-MR_ssp370_r1i1p1f1_day_gn_20190529,hdl:21.14100/d0cdba32-ec8e-3d8c-8d46-f6f4f41d9cce,hdl:21.14100/dd3be4cc-d132-3fda-9535-57a026717547,hdl:21.14100/59e04e94-513d-3c60-824f-302d68a7b5bc,hdl:21.14100/b106d687-a607-3449-a442-105f88fce4b6,hdl:21.14100/731cc102-c79b-3b05-92d7-11dd195717ab
CMIP6_AWI_AWI-CM-1-1-MR_ssp585_r1i1p1f1_day_gn_20190529,hdl:21.14100/6c255ae4-9186-3961-8ccc-8a3a54c0d668,hdl:21.14100/5db275c6-cca2-3419-8bec-cfc0fc91adf8,hdl:21.14100/a336f13f-a4d3-3b57-a45a-8f27f0ba01b8,hdl:21.14100/c124743e-330e-3aa9-9db2-d318c60e6ac5,hdl:21.14100/6a00dd6e-40e3-3fae-bfff-06359319bf3a
CMIP6_BCC_BCC-CSM2-MR_historical_r1i1p1f1_day_gn_20181126,hdl:21.14100/83a72653-6413-38d1-bcf5-e71db5156e31,hdl:21.14100/4ec68fa0-36d6-36c8-b24b-149294dfdf1e,hdl:21.14100/d6be3dbb-b0e6-3a0c-b686-1b79bd23b773,hdl:21.14100/b6c2f26b-5e6a-3a70-9f00-ed88a337144e,hdl:21.14100/440de3c8-afd9-31b0-af3c-2b958eefc3f6
CMIP6_BCC_BCC-CSM2-MR_ssp126_r1i1p1f1_day_gn_20190315,hdl:21.14100/26e58871-0a8e-39ed-bdc2-5a66bad1df57,hdl:21.14100/fad67f9a-7234-30b7-a535-2aad42209350,hdl:21.14100/b417aa6a-a1a6-342a-a855-e6fa96ebf864,hdl:21.14100/351c8270-7a1e-39ee-ac25-a7c38e2e1d61,hdl:21.14100/4075a74c-5a84-3278-91e7-b8d9130f9729
CMIP6_BCC_BCC-CSM2-MR_ssp245_r1i1p1f1_day_gn_20190318,hdl:21.14100/f043fa22-47d1-3152-8719-e434c309fc90,hdl:21.14100/f4742fc3-fed7-37ea-8fd5-addb220688e3,hdl:21.14100/69336654-e22d-334a-902f-cabdfde5a81c,hdl:21.14100/24c26b0b-4bf7-3628-bb58-d5e100a16bad,hdl:21.14100/40f97e32-ff41-3381-ae1d-ff77c6d5219f
CMIP6_BCC_BCC-CSM2-MR_ssp370_r1i1p1f1_day_gn_20190318,hdl:21.14100/c31bfa9d-229b-3d92-8361-f1980085b7cc,hdl:21.14100/9d28f7cd-2561-39ff-a43b-e00b7ef824d5,hdl:21.14100/3e33f7d4-9090-3f76-b15a-731bce167f58,hdl:21.14100/f2d6ced2-4a9b-3207-bba4-9234a7fe5597,hdl:21.14100/c9bb4907-80c9-3c29-93c5-59e5a288a6ab
CMIP6_BCC_BCC-CSM2-MR_ssp585_r1i1p1f1_day_gn_20190318,hdl:21.14100/400207d8-7fa8-30ae-a975-36b4d62e5e08,hdl:21.14100/2dd81713-d61d-319c-8e0a-b60a9a2d1327,hdl:21.14100/a30f40e9-9ddd-36f3-b0f3-d37141920174,hdl:21.14100/93484aac-b53a-3eae-b72d-6e308f6bf933,hdl:21.14100/fcc355f5-c2ce-3125-8578-68c40d89a23e
CMIP6_CAMS_CAMS-CSM1-0_historical_r2i1p1f1_day_gn_20200716,hdl:21.14100/476d9c53-328a-35d8-ab01-ecbf40538902,NA,hdl:21.14100/5f604e32-569d-385a-becb-e7443382a71d,NA,NA
CMIP6_CAMS_CAMS-CSM1-0_ssp126_r2i1p1f1_day_gn_20191106,hdl:21.14100/46896729-7e96-3a9c-842b-e51a2d17a758,NA,hdl:21.14100/97cefa3d-931a-3ff3-9552-fa136e02fc54,NA,NA
CMIP6_CAMS_CAMS-CSM1-0_ssp245_r2i1p1f1_day_gn_20200720,hdl:21.14100/cb8d11e9-d880-38c0-905d-3fcd5af7fc12,NA,hdl:21.14100/a5a53693-f822-3e19-a144-c1794164709a,NA,NA
CMIP6_CAMS_CAMS-CSM1-0_ssp370_r2i1p1f1_day_gn_20200720,hdl:21.14100/6ab52ef4-d00b-3153-9602-7670e793ff90,NA,hdl:21.14100/fa98916a-6d41-3924-afcd-611dbb148c64,NA,NA
CMIP6_CAMS_CAMS-CSM1-0_ssp585_r2i1p1f1_day_gn_20191106,hdl:21.14100/1b84e642-e7af-3d58-a1b6-130a772f0f08,NA,hdl:21.14100/f132a6b8-2fb7-30a0-ad06-db2838e25cf3,NA,NA
CMIP6_CAS_FGOALS-g3_historical_r1i1p1f1_day_gn_20190826,hdl:21.14100/6f6efeb3-9408-3d86-ba07-b35fd6b4b11f,hdl:21.14100/4aef3e56-78f0-3333-9bf3-4625fa8972a9,hdl:21.14100/04aae9e0-fff4-3dd5-9eb4-166d8bc18950,hdl:21.14100/58667917-273f-3398-a526-2e54b66b7b51,hdl:21.14100/6e98dd9a-b8d4-3ad7-bba2-15c89dd87278
CMIP6_CAS_FGOALS-g3_ssp126_r1i1p1f1_day_gn_20190818,hdl:21.14100/6789985b-4545-3298-b6b3-a71371fb081b,hdl:21.14100/f853333b-3658-34e2-a95c-b6e830aa726f,hdl:21.14100/6ea74103-38b7-3975-b23a-56f107cd97f4,hdl:21.14100/7a231ae7-ddfd-312d-9cb5-4a4b68b4388d,hdl:21.14100/731b6194-210c-3ae6-a9cc-f864da1c6bc3
CMIP6_CAS_FGOALS-g3_ssp245_r1i1p1f1_day_gn_20190818,hdl:21.14100/253ea437-b829-3f45-8d00-8af7c9d6df85,hdl:21.14100/a49d46b1-0f93-37d4-879a-12d24fa4240a,hdl:21.14100/96b8e658-0056-3a9c-abf8-4e8be312b285,hdl:21.14100/3c5bdfc5-9b92-32ad-b7db-2d60a5ff4c1e,hdl:21.14100/0ac157e5-da05-3e7b-be4a-e81ac645e004
CMIP6_CAS_FGOALS-g3_ssp370_r1i1p1f1_day_gn_20190820,hdl:21.14100/486f158b-8fdc-3756-b1d3-2228d81fd761,hdl:21.14100/3cae7fde-3d8c-3495-a1e1-e1be95736312,hdl:21.14100/e99ad517-55b0-3b2d-a317-dd9e62d6a137,hdl:21.14100/f048056f-f8d1-3969-bfe9-aad2d86ecc9e,hdl:21.14100/268b5759-28a9-3b02-978e-fbed48073707
CMIP6_CAS_FGOALS-g3_ssp585_r1i1p1f1_day_gn_20190818,hdl:21.14100/4ffee0ec-fae4-3bc1-be89-7de96bc38ebb,hdl:21.14100/d774d6e9-8bf2-34f2-9a1b-537df8fbe354,NA,NA,NA
CMIP6_CAS_FGOALS-g3_ssp585_r1i1p1f1_day_gn_20190819,NA,NA,hdl:21.14100/c1495ec4-7a6c-311f-ad03-6b0c868a92a5,hdl:21.14100/538c49a9-4065-3989-bb46-bb359e30a1e5,hdl:21.14100/7b016401-8d27-3060-93de-503a7252d571
CMIP6_CCCR-IITM_IITM-ESM_historical_r1i1p1f1_day_gn_20191226,hdl:21.14100/f610ab88-3e99-3d5d-a736-5e7c12769216,NA,hdl:21.14100/e7366975-2fe0-3400-9856-829ea8192519,NA,NA
CMIP6_CCCR-IITM_IITM-ESM_historical_r1i1p1f1_day_gn_20210203,NA,hdl:21.14100/e05590b4-0e27-35a3-85e2-827f4b02b034,NA,NA,NA
CMIP6_CCCR-IITM_IITM-ESM_ssp126_r1i1p1f1_day_gn_20201112,hdl:21.14100/76b24a9d-d550-38cc-9fc6-e8c3299229c3,hdl:21.14100/b1a8e831-88ff-392a-893e-c1a0e25e32e8,hdl:21.14100/f726db8b-122a-383b-86fb-566662ea5290,hdl:21.14100/9bdc363f-6181-3b91-9d9c-c07ae32e936e,hdl:21.14100/3dce504f-99df-359c-b9e5-e82ce706a1a6
CMIP6_CCCR-IITM_IITM-ESM_ssp245_r1i1p1f1_day_gn_20200915,hdl:21.14100/462c081b-edd7-3f37-a3c4-660b64d21b2c,hdl:21.14100/fbfa4e19-aa39-36ec-807c-07ecd61be613,hdl:21.14100/a54ca382-7d07-305e-9440-41c84625b3f3,NA,NA
CMIP6_CCCR-IITM_IITM-ESM_ssp370_r1i1p1f1_day_gn_20200915,hdl:21.14100/27984a75-f01d-3522-a0d4-76c4817e5499,hdl:21.14100/0376a322-09f2-3e00-9696-6ae6cf682625,hdl:21.14100/97dd6348-30fb-39e9-aa3d-2f9501fa6141,NA,NA
CMIP6_CCCR-IITM_IITM-ESM_ssp585_r1i1p1f1_day_gn_20200915,hdl:21.14100/d372d4f9-bde7-3fee-bc99-fcb340cc55d3,hdl:21.14100/6d627455-2989-3d42-954b-a9d9251bf146,hdl:21.14100/e82850fa-1d5c-3e78-ab75-de4f2c2926b8,NA,NA
CMIP6_CCCma_CanESM5_historical_r1i1p1f1_day_gn_20190429,hdl:21.14100/42b62434-cd72-36c9-92d7-0f05431074ef,hdl:21.14100/27507085-abb8-3fb6-881f-2c966e0d88c9,hdl:21.14100/64a76dd1-e37a-3f20-a806-04fe61ff4212,hdl:21.14100/883dd4dd-575d-33f5-9748-dea022d3d1bc,hdl:21.14100/a1c7679c-87ca-3932-a214-8a35012e2334
CMIP6_CCCma_CanESM5_ssp126_r1i1p1f1_day_gn_20190429,hdl:21.14100/8049b706-9f86-3d27-99e5-137d4ec11eda,hdl:21.14100/e1e4a10f-fb9f-3db3-a408-382d2f7fe6b2,hdl:21.14100/f19fa214-c906-3c2d-917c-24efb381bd03,hdl:21.14100/747ea45c-3f78-3e8d-8d93-43607b43c67e,hdl:21.14100/5b9bce36-51fa-3d10-ba38-02147c9905df
CMIP6_CCCma_CanESM5_ssp245_r1i1p1f1_day_gn_20190429,hdl:21.14100/e1ae05be-5eef-3310-a25e-0ebd22bf733e,hdl:21.14100/bc4292a4-7693-32f2-ba57-4e4a1c6c88a4,hdl:21.14100/b3def120-f8f2-362c-a528-e79e730d6623,hdl:21.14100/2f2f22d1-67d8-33d6-b3a5-842ffafb92a7,hdl:21.14100/2d42cf0b-33ee-3026-aff7-ac16dcbc0acb
CMIP6_CCCma_CanESM5_ssp370_r1i1p1f1_day_gn_20190429,hdl:21.14100/b49f780c-d734-3d7c-b7ad-1f8539dc9b9f,hdl:21.14100/92394d83-da3b-3440-9586-ee19c4586fc4,hdl:21.14100/0b8d4448-7235-3064-a9a4-87fa935ca6fc,hdl:21.14100/f69c3738-1b24-3c64-ba73-602678a19350,hdl:21.14100/50ca8142-069e-3f5b-acf0-f715f712e6e2
CMIP6_CCCma_CanESM5_ssp460_r1i1p1f1_day_gn_20190429,hdl:21.14100/bd75926e-a5e7-3ea1-8561-3f73be234077,hdl:21.14100/04a64cba-9769-3aae-a827-bde2f909142e,hdl:21.14100/5d4a0cdc-576c-3885-a1ea-1e517f5e8e47,hdl:21.14100/0c745307-f599-394e-b8ac-fef8853173be,hdl:21.14100/6ea3eb75-5f9b-3792-9741-6b8418edd063
CMIP6_CCCma_CanESM5_ssp585_r1i1p1f1_day_gn_20190429,hdl:21.14100/8aeed9ad-681a-315e-a305-cb06e0e64fd8,hdl:21.14100/3bb161d4-77c8-3034-aefb-ffbcd5fe981f,hdl:21.14100/a708f428-62fe-38f6-ac3f-20bdc50d4d84,hdl:21.14100/07b036c8-98b3-30d3-b320-70354ab6f041,hdl:21.14100/54f34318-995b-38f2-babb-462f9c526852
CMIP6_CMCC_CMCC-CM2-SR5_historical_r1i1p1f1_day_gn_20200616,hdl:21.14100/c3c820d3-32ae-3636-b27f-e203741f7c36,hdl:21.14100/abbb7362-639f-3525-ba96-152eadacfbcc,hdl:21.14100/5f2c5899-3ad8-316b-b356-a33379eb326e,NA,NA
CMIP6_CMCC_CMCC-CM2-SR5_ssp126_r1i1p1f1_day_gn_20200717,hdl:21.14100/bde5411c-185c-32d4-8691-000e4b1b360b,hdl:21.14100/13d6b04a-30de-3a6e-8e40-0e44d09c9d54,hdl:21.14100/fcae2176-16f7-350c-a523-a39ae994ad75,NA,NA
CMIP6_CMCC_CMCC-CM2-SR5_ssp245_r1i1p1f1_day_gn_20200617,hdl:21.14100/13c31552-a68f-32c4-8516-12722e645309,hdl:21.14100/bfa70276-b22f-3441-a33a-bfdad8ce8a76,hdl:21.14100/253c67a3-66c4-370d-8fe7-677cfd57b6ff,NA,NA
CMIP6_CMCC_CMCC-CM2-SR5_ssp370_r1i1p1f1_day_gn_20200622,hdl:21.14100/bc5fd7c5-f4e9-348d-aa1d-03dac6aa4234,hdl:21.14100/ca62cdf1-2789-35eb-aec3-68f67ebd3743,hdl:21.14100/3389fc6f-285b-35d4-b929-bb0152ff8857,NA,NA
CMIP6_CMCC_CMCC-CM2-SR5_ssp585_r1i1p1f1_day_gn_20200622,hdl:21.14100/d6d40481-9396-38a2-8363-d0429c1589db,hdl:21.14100/4ae5ce24-0edf-3bf5-bc52-f0a484328588,hdl:21.14100/da39a2c2-8307-348e-a700-4732034761b6,NA,NA
CMIP6_CNRM-CERFACS_CNRM-CM6-1-HR_historical_r1i1p1f2_day_gr_20191021,hdl:21.14100/806c1189-8371-344a-bed4-b4a575d5fefd,hdl:21.14100/66136371-0da7-30b1-9797-94019cd71d12,hdl:21.14100/6baf58f6-7a74-37b4-8739-ec8c26ee0fdb,hdl:21.14100/8f1e5921-d199-3e7c-a58b-359564a78ddd,hdl:21.14100/b608da2f-7b06-32b4-914c-48c7fa0974be
CMIP6_CNRM-CERFACS_CNRM-CM6-1-HR_ssp126_r1i1p1f2_day_gr_20200127,hdl:21.14100/0390f58b-0cb1-3dc5-a3ef-e176f635e3cf,hdl:21.14100/9b783ec6-bb62-3a22-bcda-b3155be6f577,hdl:21.14100/4c439081-d245-3b22-9a3e-2ec919c3a9fe,hdl:21.14100/bbaf5d28-da81-3226-a3a9-077a98ac6250,hdl:21.14100/fe6cdbbd-29d6-35da-86df-ee01a176903b
CMIP6_CNRM-CERFACS_CNRM-CM6-1-HR_ssp245_r1i1p1f2_day_gr_20191202,NA,hdl:21.14100/1ba5214a-88d0-3637-8423-0090ccd3d397,hdl:21.14100/5e79ce6a-422e-37f6-8793-2654adc8024a,NA,NA
CMIP6_CNRM-CERFACS_CNRM-CM6-1-HR_ssp370_r1i1p1f2_day_gr_20200127,NA,hdl:21.14100/46a6a72a-7569-3853-aa16-3fccfc47c3e3,hdl:21.14100/2c2a6134-d9b5-3bf5-9378-e78d19448ca5,NA,NA
CMIP6_CNRM-CERFACS_CNRM-CM6-1-HR_ssp585_r1i1p1f2_day_gr_20191202,hdl:21.14100/cb39fa91-0398-34b5-bfe7-82277b75543b,hdl:21.14100/8a8d25cd-e40a-38b2-b7ea-5ef461f40b91,hdl:21.14100/100246df-7f9a-3a74-bc4b-50d106e064c8,hdl:21.14100/7af83b8c-9418-3e14-853e-663b9fe6f7d3,hdl:21.14100/d90d5443-0688-3e1c-b3e5-c72feaadbb26
CMIP6_CNRM-CERFACS_CNRM-CM6-1_historical_r1i1p1f2_day_gr_20180917,hdl:21.14100/7a86ff09-1dd4-3723-9808-ada5a913bfea,hdl:21.14100/4461ffb4-87e2-32fb-bd54-64748e09f47d,hdl:21.14100/3a3c34c1-92bd-3b6e-9d8c-97bdcd276418,hdl:21.14100/2522b78e-3e02-3619-8d0e-000650d08f2d,hdl:21.14100/a54b7f55-11b3-3a92-a251-c72a03f30c9d
CMIP6_CNRM-CERFACS_CNRM-CM6-1_ssp126_r1i1p1f2_day_gr_20190219,hdl:21.14100/02c79bb1-1f66-36a6-b3c2-c9e545ce17c4,NA,hdl:21.14100/06c50100-4585-3215-8346-e55deba444d7,hdl:21.14100/5b9ee655-8cce-3e36-a006-34f6c2ad6aee,hdl:21.14100/c52425a9-3cdc-398d-9385-1934e0b49379
CMIP6_CNRM-CERFACS_CNRM-CM6-1_ssp245_r1i1p1f2_day_gr_20190219,hdl:21.14100/c952f406-cdf4-3110-8c71-f79321c68a5c,hdl:21.14100/5f056e13-bb40-3902-8627-5b600af85c1b,hdl:21.14100/127bc43f-3549-3037-93a1-c2c20b62c30c,hdl:21.14100/40982c57-6691-31f4-b655-afb4b595f0ff,hdl:21.14100/5d6b773c-e853-36a9-b8bc-2392c919bd8b
CMIP6_CNRM-CERFACS_CNRM-CM6-1_ssp370_r1i1p1f2_day_gr_20190219,hdl:21.14100/2ae1a8da-f18b-307f-84f9-cc320c1c3aa6,hdl:21.14100/b38717c5-56e8-3daf-b0fd-32fd1263e0ac,hdl:21.14100/07a5a4cb-84ce-300b-b45b-36ba651afd94,hdl:21.14100/b2262d0a-37c7-30e7-8cd2-3076727f7730,hdl:21.14100/4d0e052d-340b-3cf8-88ce-46797e5d6d62
CMIP6_CNRM-CERFACS_CNRM-CM6-1_ssp585_r1i1p1f2_day_gr_20190219,hdl:21.14100/c92a44b4-70ef-3eed-af49-d09fc6194aee,hdl:21.14100/69ee683a-efa9-3aca-af5b-34740005e270,hdl:21.14100/bafb5106-89e0-360d-87af-c2cd0865fc1f,hdl:21.14100/93e9ea42-3627-3d6a-8c5c-329350f97a8c,hdl:21.14100/ce5e19b5-9f6f-3604-b05d-8a54bba55a6d
CMIP6_CNRM-CERFACS_CNRM-ESM2-1_historical_r1i1p1f2_day_gr_20181206,hdl:21.14100/36414fa4-d817-38ef-a5e6-dd40900c450e,hdl:21.14100/4a7717fc-2ca4-3cd1-aa45-67ae56f5bc98,hdl:21.14100/3b50e97d-52fe-338e-b3f5-6acea84b4a10,hdl:21.14100/a87a67e0-bf59-3992-ab23-5523cd0e1882,hdl:21.14100/43ee6682-7b6a-30be-8af4-a11a36cc00b8
CMIP6_CNRM-CERFACS_CNRM-ESM2-1_ssp126_r1i1p1f2_day_gr_20190328,hdl:21.14100/502947d0-ed3d-3cd5-9962-bba437d8a4da,hdl:21.14100/255d2898-196f-3bb7-a0db-f67db6441eaa,hdl:21.14100/c267cab3-3660-30cc-9456-c293b733fbf1,hdl:21.14100/b1f5050f-60e6-34ac-91fc-512724af4ebf,hdl:21.14100/95a15473-ca51-3886-98d6-12f09f58bb90
CMIP6_CNRM-CERFACS_CNRM-ESM2-1_ssp245_r1i1p1f2_day_gr_20190328,hdl:21.14100/31b4300b-6f99-313c-8227-bb19a14e912a,hdl:21.14100/63727dca-4521-339b-b6a2-1d1d122f0efe,hdl:21.14100/513ce12a-cd54-334b-9a8d-cb541550ea3a,hdl:21.14100/ff901ddf-d28a-3291-9930-540bc5f5f02b,hdl:21.14100/3bfc4cf5-ec08-361a-9261-836a20c35404
CMIP6_CNRM-CERFACS_CNRM-ESM2-1_ssp370_r1i1p1f2_day_gr_20191021,hdl:21.14100/1ce5d2b4-14c4-3e79-b0b1-daa918224f12,hdl:21.14100/a5aae732-88ad-333c-a17e-b925ad092f41,hdl:21.14100/dcb1e0ba-6f11-381c-be24-f4372fb7a5cc,hdl:21.14100/378c0504-4392-3cd0-b6cb-cf600ced97c8,hdl:21.14100/d7ff01ed-71ff-3f14-949c-a4916eb526d9
CMIP6_CNRM-CERFACS_CNRM-ESM2-1_ssp460_r1i1p1f2_day_gr_20190328,hdl:21.14100/417a7a9c-3934-39ed-939c-239a542f7677,hdl:21.14100/872d934a-ca37-357c-8780-76ccbb62ba6d,hdl:21.14100/048a79bb-a2f9-3818-ba91-84b23facdfd8,hdl:21.14100/50da4eee-8c52-35f4-8512-ec31bf1d2016,hdl:21.14100/daa5680a-f7f5-32ae-8ae3-98f2b0443847
CMIP6_CNRM-CERFACS_CNRM-ESM2-1_ssp585_r1i1p1f2_day_gr_20191021,hdl:21.14100/c0b3724d-5ca4-32bc-b738-978965e0d277,hdl:21.14100/2f18cb89-03fd-3184-95ad-c034fe694f88,hdl:21.14100/ffaa3198-e613-3f41-91ad-679a94f92287,hdl:21.14100/0318fe52-88c3-3f14-9c6b-cff59d710e1b,hdl:21.14100/2665157c-1476-3fb5-ba96-bd2d17cb9a2d
CMIP6_CSIRO-ARCCSS_ACCESS-CM2_ssp126_r1i1p1f1_day_gn_20191108,hdl:21.14100/0ff970f2-f950-3fc1-905a-8a4fca8f68af,hdl:21.14100/ca8b3402-c7dc-39f9-85d5-4e6be68b3edc,hdl:21.14100/8fe4d594-8cad-3213-acf0-bb07c9614dc1,hdl:21.14100/c5920c39-a4fc-3de8-92b8-a4266aeb8cce,hdl:21.14100/e2bf2500-6781-3a78-9453-de1db7bf1156
CMIP6_CSIRO-ARCCSS_ACCESS-CM2_ssp245_r1i1p1f1_day_gn_20191108,hdl:21.14100/986f5ce6-e569-3265-b744-3e50ebbe8e08,hdl:21.14100/3fed614e-2643-39a9-9852-d0596fb84c90,hdl:21.14100/9a24809f-d7b0-3a04-9509-e9a3d976b01a,hdl:21.14100/1672df88-1768-316f-8868-55d575f92926,hdl:21.14100/85324db1-1c4e-3613-869e-a597b43f6b7c
CMIP6_CSIRO-ARCCSS_ACCESS-CM2_ssp370_r1i1p1f1_day_gn_20191108,hdl:21.14100/962134fa-c47e-3a2c-9f6c-21c4ec9c18d1,hdl:21.14100/a7bb10e5-fb95-340c-b584-1785dc1adf13,hdl:21.14100/c0c960b9-6db3-3116-b9c6-7492acb1030c,hdl:21.14100/30723541-8066-389b-8dc1-0dac2800dbb9,hdl:21.14100/b149f7a0-67a8-398c-956f-e2f76de2cb26
CMIP6_CSIRO-ARCCSS_ACCESS-CM2_ssp585_r1i1p1f1_day_gn_20191108,hdl:21.14100/a0678bb4-9f3d-3ed9-b2bd-f18948e834ee,hdl:21.14100/acf29e88-cf84-3f4b-9abd-e55a995dc9d0,hdl:21.14100/5fa7424e-0648-3b1b-a909-83e28d3049c9,hdl:21.14100/98ea6c21-c103-3d5b-bf33-3900d9cf0b86,hdl:21.14100/9b41a1a5-87c1-32e3-a81e-854ad4a6524c
CMIP6_CSIRO_ACCESS-ESM1-5_historical_r1i1p1f1_day_gn_20191115,hdl:21.14100/84f3b9f5-bc7d-3f83-9b71-5a008bc6fa67,hdl:21.14100/59add1f7-67c8-3165-be1e-e4d567667e66,hdl:21.14100/e2153b73-ae4e-3094-87b4-47076ec9168e,hdl:21.14100/71adda31-2db1-3195-b983-8317c16df68e,hdl:21.14100/0253de70-ca2e-3a7d-9359-cff684c2bd20
CMIP6_CSIRO_ACCESS-ESM1-5_ssp126_r1i1p1f1_day_gn_20191115,hdl:21.14100/c9e472c0-38ee-3372-ab33-b6f7791e3d3c,hdl:21.14100/ca27fdb6-a7e8-3f41-adab-085d13c5ef3e,hdl:21.14100/1994585b-9f71-3b3d-acc0-6be5769eb628,hdl:21.14100/5789cf73-d5b6-38c4-8078-e44bf23e5db2,hdl:21.14100/e4627c9a-ece1-318e-88ed-7d83cb36b5c9
CMIP6_CSIRO_ACCESS-ESM1-5_ssp245_r1i1p1f1_day_gn_20191115,hdl:21.14100/224f6eab-718a-3e0d-946b-856d6e80f0b8,hdl:21.14100/b52bdee3-d773-3935-9aea-a71fea70fa5e,hdl:21.14100/05270cb9-9080-33af-abea-10535c2df142,hdl:21.14100/e49cb0db-f1e8-3b3f-92a2-8a2c848cb3b3,hdl:21.14100/904cca9b-8a4f-3a24-8e68-524a18c65ba1
CMIP6_CSIRO_ACCESS-ESM1-5_ssp370_r1i1p1f1_day_gn_20191115,hdl:21.14100/ac2c5766-a7ce-3307-9634-53840156c83b,hdl:21.14100/ec9ca02e-b995-3d9f-afa3-4a298f63bd8d,hdl:21.14100/7491f16e-7460-3b97-b745-50b4c08b5a4e,hdl:21.14100/e2649c45-b43c-3548-bb33-0145f7c95b76,hdl:21.14100/2976f546-170b-3d2d-a4cd-000e809641e1
CMIP6_CSIRO_ACCESS-ESM1-5_ssp585_r1i1p1f1_day_gn_20191115,hdl:21.14100/036d66a7-1c86-3170-85de-34fafa25541b,hdl:21.14100/2b8dd118-3b2d-3e7e-a333-1464d12ba0e8,hdl:21.14100/f618abfb-0743-3f56-8eac-4ffe43d2352d,hdl:21.14100/1493c326-d104-3e46-9d91-47ae400b9116,hdl:21.14100/0d6f7153-c874-3171-9261-79e9987fb720
CMIP6_DKRZ_MPI-ESM1-2-HR_ssp126_r1i1p1f1_day_gn_20190710,hdl:21.14100/f0a07452-37e0-3299-917c-769da9edfbb6,hdl:21.14100/05fd91f1-275b-3774-bc04-648622111c54,hdl:21.14100/01489e5f-e2e2-346c-a798-c4a55d405c2e,hdl:21.14100/cc708617-335e-3b1c-9b9a-3992d0bce28d,hdl:21.14100/8ebc55a6-b90f-3902-87ef-c994b023c03f
CMIP6_DKRZ_MPI-ESM1-2-HR_ssp245_r1i1p1f1_day_gn_20190710,hdl:21.14100/7d6bd191-ee01-3d4a-8c66-d2184c9b820d,hdl:21.14100/18ab392f-9313-3d67-bc0a-45f68bed6232,hdl:21.14100/10914d57-a412-3f7b-aac3-9cf1c8bc5942,hdl:21.14100/14b47af4-1f22-3288-a16f-4f69239cfeea,hdl:21.14100/878f60d7-4973-3380-8958-d63e47e32bda
CMIP6_DKRZ_MPI-ESM1-2-HR_ssp370_r1i1p1f1_day_gn_20190710,hdl:21.14100/0ddeeca4-b5ed-3723-849d-f3619448bbf2,hdl:21.14100/1426c855-2e11-3fb3-95d9-85c6241d042c,hdl:21.14100/368ce61d-1157-3fb0-9eef-f9ab69a89707,hdl:21.14100/c96aae5d-5648-38e9-8e06-d1980a380594,hdl:21.14100/e3114b55-6605-3aa4-bb17-5f425ebfd3a8
CMIP6_DKRZ_MPI-ESM1-2-HR_ssp585_r1i1p1f1_day_gn_20190710,hdl:21.14100/c90cb443-fbd9-386b-858d-1e74857928ca,hdl:21.14100/2c960ad6-0a65-35c6-a3fc-366192d12e82,hdl:21.14100/bb84d9bb-5c05-3b24-856a-af7392ab9e00,hdl:21.14100/a56e7597-5125-38da-af79-47373debfdb6,hdl:21.14100/788ad75b-b757-3401-8011-857c0121f7c0
CMIP6_EC-Earth-Consortium_EC-Earth3-Veg_historical_r1i1p1f1_day_gr_20200225,hdl:21.14100/4f7fd5c6-a616-361f-a95c-1f4748acd503,hdl:21.14100/d63aeaa7-542a-3a56-8a2b-19afec5499a8,hdl:21.14100/d1ac6d86-b046-3a15-aca2-02559d2f4745,hdl:21.14100/03868d6c-5cb1-3081-bfd5-ce8cb59d9e5f,hdl:21.14100/c4b10b8f-418b-34e4-819f-adecb269200b
CMIP6_EC-Earth-Consortium_EC-Earth3-Veg_ssp126_r1i1p1f1_day_gr_20200225,hdl:21.14100/ae0e2541-4072-3592-8a09-5e255a9155cd,hdl:21.14100/db989cf9-e6e4-305e-85f3-a018551f4154,hdl:21.14100/db3f5c44-bbc3-3ee5-b144-1d7995c6acdf,hdl:21.14100/89e1560e-53ae-30a5-837b-3c34a09b1317,hdl:21.14100/2ac25335-b4d2-35de-bea6-916ac8618898
CMIP6_EC-Earth-Consortium_EC-Earth3-Veg_ssp245_r1i1p1f1_day_gr_20200225,hdl:21.14100/314e225a-42e2-3ac0-97cf-9337a3413f4f,hdl:21.14100/077b05ee-83a6-392c-98ab-57e78f0d5e1b,hdl:21.14100/526d03a6-e4b0-3cf0-8983-eb8e83426970,hdl:21.14100/00a00574-e8d3-3f01-b54b-0f91b7b6c58f,hdl:21.14100/1513d581-894d-3f07-966f-185d11710918
CMIP6_EC-Earth-Consortium_EC-Earth3-Veg_ssp370_r1i1p1f1_day_gr_20200225,hdl:21.14100/e736a208-a417-3c2e-9edd-0a065232a9d7,hdl:21.14100/a08e56d9-c004-38e4-b560-717037522d7b,hdl:21.14100/e7074e11-f79f-3fd9-8daa-2162301f6708,hdl:21.14100/9a52302f-740e-3e23-b71d-b610aab12ba1,hdl:21.14100/5c17d6d9-4d93-3a12-b8ac-8f1b30533cda
CMIP6_EC-Earth-Consortium_EC-Earth3-Veg_ssp585_r1i1p1f1_day_gr_20200225,hdl:21.14100/f8ce7618-c929-3556-9b6d-261f7787b1f9,hdl:21.14100/48381d9e-bb6c-38ab-888a-fa553a2a04d1,hdl:21.14100/96489722-ff2e-3c71-9997-694a7ea17162,hdl:21.14100/199b1ef3-30ff-313e-887a-3677439f5070,hdl:21.14100/cde0fe5d-d7d3-3717-9e23-ddf54ad30c41
CMIP6_EC-Earth-Consortium_EC-Earth3_historical_r1i1p1f1_day_gr_20200310,hdl:21.14100/19a770a8-43e6-3c0a-bbde-b0e457ee9515,hdl:21.14100/1af234c6-8a00-3c00-ba52-4d925d31d3ec,hdl:21.14100/48a43907-4c1f-36c3-8188-62c6375ae294,hdl:21.14100/ed9ba88e-ae30-3836-b2ee-c3bb04913808,hdl:21.14100/c5024a9c-8284-38eb-ae73-50c218d398d8
CMIP6_EC-Earth-Consortium_EC-Earth3_ssp126_r1i1p1f1_day_gr_20200310,hdl:21.14100/111705c7-185e-30b0-a678-7aa25f7e633f,hdl:21.14100/85116b83-9db7-3bbd-b725-136d841cae88,hdl:21.14100/e94403e1-8abf-34f4-8ea0-03b044d950b2,hdl:21.14100/ef84ae01-07f3-3374-a3f7-eadd0a81bdaa,hdl:21.14100/3dd55393-56d2-3ff1-9f25-1d5716640f46
CMIP6_EC-Earth-Consortium_EC-Earth3_ssp245_r1i1p1f1_day_gr_20200310,hdl:21.14100/a29fe4f2-3e4f-3abf-804d-21fb69ade153,hdl:21.14100/1be977fb-16c8-3a35-9261-6176f772b88b,hdl:21.14100/abbef5e4-ac97-30ab-9128-628cfc75008b,hdl:21.14100/1312d7f7-3f9a-3eb3-8ab9-7d1c0e64fd56,hdl:21.14100/b911584c-bf42-3ab3-82c9-7a2127795832
CMIP6_EC-Earth-Consortium_EC-Earth3_ssp370_r1i1p1f1_day_gr_20200310,hdl:21.14100/e26db1b8-0589-38d8-893a-c288b73e585f,hdl:21.14100/2964cb33-93d2-363c-a5b8-dce687d5d1b8,hdl:21.14100/206a2e6d-07e8-3f91-8dfe-446f312b19e6,hdl:21.14100/bfeee2b0-c214-3b6d-a356-afdb8742c4ee,hdl:21.14100/c0c74142-cf3a-34c8-b89f-b0f43f950d97
CMIP6_EC-Earth-Consortium_EC-Earth3_ssp585_r1i1p1f1_day_gr_20200310,hdl:21.14100/99f1cfb0-3084-32e5-8540-da7dad9bc4b8,hdl:21.14100/1103e64c-021b-3e80-8663-4ffe20b0ef84,hdl:21.14100/ec6053c4-d9fd-3e4b-bb5a-0818f9f5e381,hdl:21.14100/b4ec3957-750a-38f1-867e-ba3c1b9addf8,hdl:21.14100/9bfc9997-f028-31eb-bc03-50534fdd6d5e
CMIP6_HAMMOZ-Consortium_MPI-ESM-1-2-HAM_historical_r1i1p1f1_day_gn_20190627,hdl:21.14100/38101081-8b43-36ea-b70d-90c43c80cba9,hdl:21.14100/4b7b4b28-e651-3262-9b96-d762b8c629db,hdl:21.14100/6f8934ee-aea2-34ca-9caf-1b8d38954f37,hdl:21.14100/56335eee-6957-3530-b25f-8f2f558b7f0b,hdl:21.14100/23941c15-6eb6-3e9d-85b5-f5fe8d8b35f0
CMIP6_HAMMOZ-Consortium_MPI-ESM-1-2-HAM_ssp370_r1i1p1f1_day_gn_20190628,hdl:21.14100/0d47fb8b-abb5-3704-8be5-c94bead116d8,hdl:21.14100/67218e7a-a0e1-322d-9fe7-74da18a70b0a,hdl:21.14100/44f93381-3710-3e16-ba20-ce344ca003da,hdl:21.14100/fdd6a43c-407c-3c9a-82f1-f9588634e466,hdl:21.14100/cf9e6fbd-0516-347f-9602-65e01894384c
CMIP6_INM_INM-CM4-8_historical_r1i1p1f1_day_gr1_20190530,hdl:21.14100/cb43eb44-3fd2-325a-9bab-16867dae59cb,hdl:21.14100/b137fdfe-8f42-3d15-8460-267a415a6422,hdl:21.14100/5a5b8a8e-9270-3b3a-b886-f698283b03b3,hdl:21.14100/b7ba8841-612d-3b10-ba3d-abc87eee6a3d,hdl:21.14100/4ea71a72-bff3-3a88-9368-f1eb82fd6a6d
CMIP6_INM_INM-CM4-8_ssp126_r1i1p1f1_day_gr1_20190603,hdl:21.14100/99fa63d2-8d43-394e-b217-c510bcc07ea8,hdl:21.14100/8e926759-48d9-3815-bc05-883fe997f514,hdl:21.14100/82432feb-3088-34ed-93b1-ae80a2d41f33,hdl:21.14100/de36b8da-965a-3dfb-b294-ed6117fdcc11,hdl:21.14100/c61d9dc2-2309-30f1-bb14-495cd0e1f91e
CMIP6_INM_INM-CM4-8_ssp245_r1i1p1f1_day_gr1_20190603,hdl:21.14100/7f59732d-c8a8-3121-8233-5987b607612b,hdl:21.14100/086afcf6-6335-3116-91a3-f3dd74317c2a,hdl:21.14100/5ccab28a-b8df-3c55-affc-e8eaabe9fdcb,hdl:21.14100/899b670b-504e-3acd-99e4-a7e9b1b93882,hdl:21.14100/8a4b0648-4fef-3205-88a5-334de10054d6
CMIP6_INM_INM-CM4-8_ssp370_r1i1p1f1_day_gr1_20190603,hdl:21.14100/9941c8ab-5e2d-33b7-aca7-8ac493a154ef,hdl:21.14100/564d77d0-e82c-3ba1-b1cf-44c6ffbebc81,hdl:21.14100/3318a239-9dd6-3b7a-a73f-08e959c42a32,hdl:21.14100/9ad88906-4a97-39b8-a3ba-62489205ac2a,hdl:21.14100/2988b678-319c-328f-ae39-083dcaf0f9f4
CMIP6_INM_INM-CM4-8_ssp585_r1i1p1f1_day_gr1_20190603,hdl:21.14100/251038c7-5e41-34d1-a2ba-9bdccd18df02,hdl:21.14100/aeaca76f-9643-3c63-a209-943c45178a71,hdl:21.14100/81fa56be-8f6d-34e4-9a40-21219457b3bf,hdl:21.14100/177815cc-0f31-3794-af82-76fec8992686,hdl:21.14100/340f1e6e-01ba-31bb-b376-814c61b9c1ee
CMIP6_INM_INM-CM5-0_historical_r1i1p1f1_day_gr1_20190610,hdl:21.14100/3185ec3d-c729-392e-abbe-7104b22c39cc,hdl:21.14100/2c9a5261-8000-3de7-b1a1-5f064cd8351d,hdl:21.14100/a84117df-27b7-3229-ae2b-4415952487d4,hdl:21.14100/34737b92-fda8-3d55-a951-41d67d88d422,hdl:21.14100/b5490a98-5e49-3869-aba0-ca22b1beb697
CMIP6_INM_INM-CM5-0_ssp126_r1i1p1f1_day_gr1_20190619,hdl:21.14100/c75bca38-3ba1-3397-bc2b-55aebbfe0838,hdl:21.14100/97838388-f0a7-3554-ab59-1dff603a3ff9,hdl:21.14100/f31c4193-414a-3ba6-8079-e297d3e16b44,hdl:21.14100/2ae55431-eccf-3cb5-a2a2-b04488afb69c,hdl:21.14100/bc4e7e1e-d062-3834-ab27-075e743c3a5d
CMIP6_INM_INM-CM5-0_ssp245_r1i1p1f1_day_gr1_20190619,hdl:21.14100/2a98291a-6a8e-3c7e-90c5-34ff65ccab19,hdl:21.14100/7453f2bd-4594-3553-9ce9-37f3a4777f3f,hdl:21.14100/1e6d9a3d-867b-3c42-89d0-6792e13b4621,hdl:21.14100/e5bf33ae-e460-3fbd-8d03-85f659245fca,hdl:21.14100/8f618fa3-2649-398c-a961-59ff92127f34
CMIP6_INM_INM-CM5-0_ssp370_r1i1p1f1_day_gr1_20190618,hdl:21.14100/93b6b231-0d9e-3b3d-be2a-291d7f64bb93,hdl:21.14100/96b8fa04-2c55-32ba-9dc4-82e891a79c3b,hdl:21.14100/e8eff6ff-87a6-3c0a-b72f-e279198c76cd,hdl:21.14100/6e133359-b1ef-376e-a38b-2def18839dad,hdl:21.14100/0a215186-e533-3258-982f-23673b17447d
CMIP6_INM_INM-CM5-0_ssp585_r1i1p1f1_day_gr1_20190724,hdl:21.14100/8d3cf88a-7e67-37ba-9647-e3f3754910c3,hdl:21.14100/c21ec189-9dd8-3609-a2e5-aa3bebee51b1,hdl:21.14100/0dba8b54-8f03-3edc-9405-d64c60bf7c78,hdl:21.14100/8d0cbad8-f10d-3e56-b8f2-8fbd5d566b3c,hdl:21.14100/daf1b553-924e-38fa-bcf0-df1b1e71e2b9
CMIP6_IPSL_IPSL-CM6A-LR_historical_r1i1p1f1_day_gr_20180803,hdl:21.14100/e9531ee3-dc33-3b57-90b6-bcbeb1e44a4c,hdl:21.14100/db52a93d-df87-360c-9c2e-905841fa4719,NA,NA,hdl:21.14100/46626fa0-7592-3b96-aa03-4e4752c9540d
CMIP6_IPSL_IPSL-CM6A-LR_historical_r1i1p1f1_day_gr_20190614,NA,NA,hdl:21.14100/6ae90a0d-eb0b-329e-a3fa-cec480f45f1e,hdl:21.14100/cf87671c-ca03-34e5-8f69-05d91e3c47c9,NA
CMIP6_IPSL_IPSL-CM6A-LR_ssp126_r1i1p1f1_day_gr_20190903,hdl:21.14100/3f8d7b66-3874-370e-a1f5-64aa70e967e6,hdl:21.14100/0b2874e9-68fb-3807-a41e-17743faac3b5,hdl:21.14100/38e2cff1-43a8-3992-90d2-98570ee2aff7,hdl:21.14100/c260891e-2d7e-3789-819c-fe6991b9538e,hdl:21.14100/8f99905a-f08c-3572-8b63-9c0806e562a0
CMIP6_IPSL_IPSL-CM6A-LR_ssp245_r1i1p1f1_day_gr_20190119,hdl:21.14100/f82f213f-d66a-360d-897c-8e2a567aefd8,hdl:21.14100/bc9ee5d4-b328-3e10-a48d-0d4899358330,NA,NA,hdl:21.14100/534602dc-d96c-35ab-afdc-0ea828bd154f
CMIP6_IPSL_IPSL-CM6A-LR_ssp245_r1i1p1f1_day_gr_20190614,NA,NA,hdl:21.14100/ba12e5f3-506b-30df-935c-62e758001ba2,hdl:21.14100/26b0e42d-52b1-39e8-b5ae-d16ae54349a8,NA
CMIP6_IPSL_IPSL-CM6A-LR_ssp370_r1i1p1f1_day_gr_20190119,hdl:21.14100/7cb89a2c-39d1-3a74-8344-74aeac3b4426,hdl:21.14100/4e43cebc-ed51-350b-a413-439297a3235f,NA,NA,hdl:21.14100/6919022d-73ea-3556-895d-94d5e8d6bf18
CMIP6_IPSL_IPSL-CM6A-LR_ssp370_r1i1p1f1_day_gr_20190614,NA,NA,hdl:21.14100/cef97057-5ece-3d8e-b13b-bb4a8fa2c665,hdl:21.14100/4644af0f-2f56-3acc-b2cd-8ab83b132598,NA
CMIP6_IPSL_IPSL-CM6A-LR_ssp460_r1i1p1f1_day_gr_20190506,hdl:21.14100/4aae0133-7f84-3ffb-97a4-6c93fdf782b8,hdl:21.14100/edc40b9e-ab37-311a-9d77-2ac67da00193,NA,NA,hdl:21.14100/d1f8d293-d350-3e21-974e-a6f7dc6f61f2
CMIP6_IPSL_IPSL-CM6A-LR_ssp460_r1i1p1f1_day_gr_20190614,NA,NA,hdl:21.14100/97e8f8da-e7ef-330a-88cd-63c0926b6c90,hdl:21.14100/635e98a6-5b94-3a7f-bd25-e3f932c25d1a,NA
CMIP6_IPSL_IPSL-CM6A-LR_ssp585_r1i1p1f1_day_gr_20190903,hdl:21.14100/3da0a556-47ea-335b-817c-d7836789c1ae,hdl:21.14100/46a2a4c3-9a33-3ab1-9eab-7871f88df80c,hdl:21.14100/4202a66b-ecef-3147-8d8d-9f58917b9948,hdl:21.14100/e7f6bcb4-bae1-3743-8e29-bbec61d94a57,hdl:21.14100/5056a7ee-f70f-3e7b-9c37-e443477f40b0
CMIP6_KIOST_KIOST-ESM_historical_r1i1p1f1_day_gr1_20191202,hdl:21.14100/c740e5a5-f50d-3242-a5a1-3a58e7f38b38,NA,hdl:21.14100/2c6473d9-8349-3db5-8d97-f28fab24faef,hdl:21.14100/23fcda5d-a8a1-3a8f-a18d-4bec609ef621,hdl:21.14100/ed72fdbf-2efd-32f1-9cd4-deb04eaf89d0
CMIP6_KIOST_KIOST-ESM_historical_r1i1p1f1_day_gr1_20201012,NA,hdl:21.14100/8fedf1d2-fd70-3e44-94ab-f4c2446b4d0f,NA,NA,NA
CMIP6_MIROC_MIROC-ES2L_historical_r1i1p1f2_day_gn_20191129,hdl:21.14100/7e8e710c-1fb6-3ef1-8a97-ac26803bdca0,hdl:21.14100/2014ed35-81cb-3b4d-bb24-82c500f10355,hdl:21.14100/dd0099f0-d85d-3ae6-8935-83ed11464359,hdl:21.14100/1dc01b52-095b-3320-97f9-cee64e85a623,hdl:21.14100/ad9e9bee-ade9-3b37-978e-c0843749f00a
CMIP6_MIROC_MIROC-ES2L_ssp126_r1i1p1f2_day_gn_20200318,hdl:21.14100/fbdd634f-bdad-3f82-92c5-0e0ff956674e,hdl:21.14100/5e6ae134-fc86-3d9c-a606-72697afd1726,hdl:21.14100/039e669d-0dfe-354b-a298-1649086d6b1c,hdl:21.14100/713bd8c4-a765-386e-8ca1-3f698c899d03,hdl:21.14100/58931798-2f24-3be2-bc6c-9651907f4113
CMIP6_MIROC_MIROC-ES2L_ssp245_r1i1p1f2_day_gn_20200318,hdl:21.14100/081957bb-a7ba-3d72-99c0-b9509ef921c7,hdl:21.14100/e9d3ef6a-344d-35b4-97cd-e2126a86484b,hdl:21.14100/4ef0b89d-2a9b-3244-9fac-8641d142fc80,hdl:21.14100/b9869b32-d0b7-3443-a5f2-82ad53252cc6,hdl:21.14100/b6e0dbc0-6271-315b-b2dc-87ed89419e62
CMIP6_MIROC_MIROC-ES2L_ssp370_r1i1p1f2_day_gn_20200318,hdl:21.14100/3c8a472b-df13-340f-b4fb-5078f36deda4,hdl:21.14100/b1a153a0-8b61-361a-a5c8-7b82f2895650,hdl:21.14100/c463f78e-87bd-35ca-8be6-323bdd884c49,hdl:21.14100/0e12f665-f3e0-39f2-8c32-730cda261cb7,hdl:21.14100/c1ab0a69-363f-3fbb-aab4-12dbdd710438
CMIP6_MIROC_MIROC-ES2L_ssp585_r1i1p1f2_day_gn_20200318,hdl:21.14100/2f76fd6e-a10b-3b88-ae65-d790745d3065,hdl:21.14100/7271bff4-66f2-32e8-a684-70bd8bf0dc2e,hdl:21.14100/1a4b2d65-693d-3c5f-a9aa-566c6520ae43,hdl:21.14100/772ed5fc-df60-3d82-8a40-a30cd399189e,hdl:21.14100/d05215f9-f971-343a-a515-9088c92c0445
CMIP6_MIROC_MIROC6_historical_r1i1p1f1_day_gn_20191016,hdl:21.14100/d5fc5ebd-46e7-3270-b65b-71c4d6527522,hdl:21.14100/d63697dd-9118-312b-80eb-99f87893d734,hdl:21.14100/4ebc009a-95f1-3115-9b5e-0df6d020557e,hdl:21.14100/d5542502-ce44-3a04-948f-6188b70c9f6b,hdl:21.14100/812f8c8c-9981-3923-aa55-35308173c622
CMIP6_MIROC_MIROC6_ssp126_r1i1p1f1_day_gn_20191016,hdl:21.14100/34b9fb7c-3906-3823-8c12-26d24a2a5306,hdl:21.14100/784796c9-d6bf-3420-ad75-2e5c8eefbf95,hdl:21.14100/a354f0db-a4cc-3ed1-a4fb-6cd2976f6812,hdl:21.14100/1be24146-15bf-3adf-825d-3b81f63d664e,hdl:21.14100/d77b53ff-373a-3840-bd5f-3cf2014b4afa
CMIP6_MIROC_MIROC6_ssp245_r1i1p1f1_day_gn_20191016,hdl:21.14100/88e4643a-e40b-3a9f-bb4b-651636b2261e,hdl:21.14100/06f764a4-8dc8-313b-bc65-f5e23af01706,hdl:21.14100/13c7ac1a-f019-36ea-bb76-5eb011e990bc,hdl:21.14100/86d84b24-8f3c-3b26-80a0-fb2957ed2378,hdl:21.14100/54874d35-092a-3cf3-a213-054a0166dc75
CMIP6_MIROC_MIROC6_ssp370_r1i1p1f1_day_gn_20191016,hdl:21.14100/fd073d11-363a-3e6b-8c51-bf7aa3e1ad88,hdl:21.14100/6640eefc-26af-3d61-821b-5d6c2d36e1b1,hdl:21.14100/00f2c46e-ebdc-3dbf-b961-6a427b589cfa,hdl:21.14100/7c2783d0-8d7d-3d58-bc18-751050d5f37e,hdl:21.14100/3a09f21f-bd4e-3d03-a383-bb14cb259406
CMIP6_MIROC_MIROC6_ssp460_r1i1p1f1_day_gn_20191016,hdl:21.14100/2d1fc41c-f0ce-3cdc-9486-bc62818e2240,hdl:21.14100/c50be1a7-01b1-3a5e-895a-ad1b57cd5980,hdl:21.14100/858d9905-7020-35bb-bd23-c6c4346469f5,hdl:21.14100/e06db282-781c-3bb7-8c2a-fbdd56c0d346,hdl:21.14100/c2e1ee03-7ae7-36b0-867a-9f6fcf11a5b4
CMIP6_MIROC_MIROC6_ssp585_r1i1p1f1_day_gn_20191016,hdl:21.14100/1dce1141-ffbd-37c7-9874-8b4438128ade,hdl:21.14100/5136ad92-f6ab-338b-95b4-89ca58f4c954,hdl:21.14100/4001f5eb-8c0b-3f75-ae70-f799ea1f4501,hdl:21.14100/24dd935d-90c7-34d5-b30c-16ac9a4884d5,hdl:21.14100/ccb6da93-73a8-364f-b2d7-40cbf404789a
CMIP6_MOHC_HadGEM3-GC31-LL_historical_r1i1p1f3_day_gn_20190624,hdl:21.14100/bfafe6a7-3622-3f54-b499-41e0ee332b46,hdl:21.14100/c9fb4e38-b762-3777-a529-d9911bc855a1,hdl:21.14100/7ddf7151-70dd-3f89-8131-a29c25ddd2e9,hdl:21.14100/51c8d90e-9f82-3df1-828f-fb89ece5f767,hdl:21.14100/c26589f8-3917-3f1e-91ba-40da7ab8b226
CMIP6_MOHC_HadGEM3-GC31-LL_ssp126_r1i1p1f3_day_gn_20200114,hdl:21.14100/16d58e8c-dc61-34fa-8891-06d4c86f4a69,hdl:21.14100/9f9e581d-df2e-3fa8-b201-4c9949b0ed18,hdl:21.14100/99290632-d947-377b-9cb5-ef28dc8c1637,hdl:21.14100/4c4d4013-615f-374c-a94b-24fd2149948e,hdl:21.14100/a347a415-8035-3589-a345-d710cfcb4d43
CMIP6_MOHC_HadGEM3-GC31-LL_ssp245_r1i1p1f3_day_gn_20190908,hdl:21.14100/d96a6856-2280-3d73-aab4-d8ba56bf5246,hdl:21.14100/29a260a4-c308-3c9b-8fc1-cf29c0a4f0fb,hdl:21.14100/ff73a0a9-4e2f-3954-9cfc-9c891076ec3d,hdl:21.14100/e750e0d5-b562-379b-89f6-e20b67994f47,hdl:21.14100/34d6e9f4-dde2-38d3-989e-640498071a77
CMIP6_MOHC_HadGEM3-GC31-LL_ssp585_r1i1p1f3_day_gn_20200114,hdl:21.14100/771b27e8-776c-355a-8d09-f04dc09d4d62,hdl:21.14100/6b99ad42-cd12-3847-afc8-e976032aedf4,hdl:21.14100/9e7af79b-64e0-3352-8088-2166afebeaec,hdl:21.14100/c20a5c5d-b1dd-3348-9856-c7ad1936cbe4,hdl:21.14100/01c9e50a-85b9-3a27-a4c6-ac0d1887c144
CMIP6_MOHC_UKESM1-0-LL_historical_r1i1p1f2_day_gn_20190627,hdl:21.14100/07db4e48-a9fc-33e4-8291-795e855fbe2b,hdl:21.14100/8c649849-8886-3a20-a5b8-0de9a425df38,hdl:21.14100/11e88dac-c6e2-364f-9755-044fed8c5e11,hdl:21.14100/5cf504bd-b653-33be-8ef6-9a089139ee90,hdl:21.14100/9514dbdf-e20e-34e2-8182-e144634a53a3
CMIP6_MOHC_UKESM1-0-LL_ssp126_r1i1p1f2_day_gn_20190708,hdl:21.14100/36a56de2-9084-3d62-a345-bd758cec1bfd,hdl:21.14100/1fbf8401-548c-3d59-a8c4-bcfaeac5fb1e,hdl:21.14100/42a03b4a-d225-3985-aa00-53bc224af23c,hdl:21.14100/7392bbb5-26c1-3a08-8df2-f1bc6cf766e4,hdl:21.14100/3ef9040a-bb5b-3370-a188-795115202123
CMIP6_MOHC_UKESM1-0-LL_ssp245_r1i1p1f2_day_gn_20190715,hdl:21.14100/524c2f62-9787-3966-aeb0-2f761e91c8d8,hdl:21.14100/b47bb5c6-bf24-3313-9754-f1212d474776,hdl:21.14100/df0c7a01-2c43-3d7c-94a8-a1f952169947,hdl:21.14100/5256ea4c-0a9b-3dcd-803c-52b2e422df34,hdl:21.14100/ee55e631-1df8-3744-bf37-98172375c082
CMIP6_MOHC_UKESM1-0-LL_ssp370_r1i1p1f2_day_gn_20190726,hdl:21.14100/87595d48-9746-357b-87ca-df1849ddcd1c,hdl:21.14100/4fc44d4d-f8a2-3c10-832a-0da47be47669,hdl:21.14100/0c2043ac-26b7-3b13-87a6-231afbaf2022,hdl:21.14100/ec9e4fbe-044e-35c6-890b-7347227555a5,hdl:21.14100/095bf3ee-fe51-3c9b-8b80-cb703f94d2f5
CMIP6_MOHC_UKESM1-0-LL_ssp585_r1i1p1f2_day_gn_20190726,hdl:21.14100/ca3d7d5b-54ef-3e8e-8b78-17f7945ce7af,hdl:21.14100/08222adc-c501-3f06-a9e9-5efd9a46b533,hdl:21.14100/c9c9b3da-d430-3714-a212-bd504353d1c5,hdl:21.14100/e2cf2c9c-b88f-386c-b109-93616df5ea14,hdl:21.14100/7b58a262-e854-3bb2-a769-a43788dace98
CMIP6_MPI-M_MPI-ESM1-2-HR_historical_r1i1p1f1_day_gn_20190710,hdl:21.14100/68a493d7-7f40-3783-b9d3-17e0fa4cf0c2,hdl:21.14100/312aadea-c67f-33fe-a83c-d6228ea719af,hdl:21.14100/118f260e-bc28-3f76-abcb-b892013c6d48,hdl:21.14100/4724f448-844a-3ff7-bea9-97a8492f7470,hdl:21.14100/6d5258ed-b0a7-3388-a1c0-0db468b7be6f
CMIP6_MPI-M_MPI-ESM1-2-LR_historical_r1i1p1f1_day_gn_20190710,hdl:21.14100/e2d970e4-fc12-3b4e-92d3-9a95291b156d,hdl:21.14100/ae8b5c7a-0890-3b37-bde1-8daeda1ae448,hdl:21.14100/752d03b0-95c2-37d9-b724-c702cc81eecf,hdl:21.14100/f1e84390-61e7-3791-8a68-64bcb8c16926,hdl:21.14100/a1e9b87b-1054-33aa-bedb-f563aab6ed31
CMIP6_MPI-M_MPI-ESM1-2-LR_ssp126_r1i1p1f1_day_gn_20190710,hdl:21.14100/a445ae0a-91fb-373d-8158-b45b4891d8b3,hdl:21.14100/287270d5-ee16-356a-b6e4-054ed5d71dc3,hdl:21.14100/f2888c92-1d10-36b0-822c-b0eeeb00c14e,hdl:21.14100/b00db5d0-b440-3b6e-b0bc-a57c1729ae1b,hdl:21.14100/bfa39fac-49db-35f1-a5c0-bc67fa7315b0
CMIP6_MPI-M_MPI-ESM1-2-LR_ssp245_r1i1p1f1_day_gn_20190710,hdl:21.14100/02d9c89b-8238-310d-9fc2-aab3d1f7d14c,hdl:21.14100/d132a344-20d2-3c1c-bac3-6a19786a0f4d,hdl:21.14100/b15bdf82-cc7f-3f9a-a9e1-71d8ca6de76e,hdl:21.14100/6e0f387d-aea4-350b-b6fc-31fb8d8d9ff5,hdl:21.14100/8c0dc572-dfe4-3bb5-81ec-3eb1dbe1cb1b
CMIP6_MPI-M_MPI-ESM1-2-LR_ssp370_r1i1p1f1_day_gn_20190710,hdl:21.14100/252ac988-237c-38ca-aef4-6625e2f801fe,hdl:21.14100/07c50c33-e3f0-3e2a-9edb-954d58aa488f,hdl:21.14100/679198e2-00af-37cb-b7ef-d9fcde907747,hdl:21.14100/49f3098b-fd57-3feb-bc38-b9a6f41e9168,hdl:21.14100/87649725-026c-3793-8184-4be66cf99e64
CMIP6_MPI-M_MPI-ESM1-2-LR_ssp585_r1i1p1f1_day_gn_20190710,hdl:21.14100/0753f694-0e79-34f4-a5f9-e833f9757e07,hdl:21.14100/9b0301b1-247c-346f-bc5f-62aa092da192,hdl:21.14100/63c19780-1939-3cb7-be8e-7b01e300edfd,hdl:21.14100/8ffa283d-8eb5-3072-9f92-4960eca5a393,hdl:21.14100/2c5041cd-931f-3da0-b38d-bb3ab42f3e5a
CMIP6_MRI_MRI-ESM2-0_historical_r1i1p1f1_day_gn_20190603,hdl:21.14100/cc7f5a29-bf0a-32c7-b2a9-d29883bc1053,hdl:21.14100/a42a6aac-6218-334d-a162-952456b0a10a,hdl:21.14100/833a0b1f-ba8c-33e7-a676-e1f3155c7801,hdl:21.14100/532e1713-4c52-3417-90ac-8cb450ea1de4,hdl:21.14100/ec0a2648-4abd-32b8-84d2-702c2a5d53ae
CMIP6_MRI_MRI-ESM2-0_ssp126_r1i1p1f1_day_gn_20191108,hdl:21.14100/96442161-dd79-3a8e-a6c4-210af21cbb58,hdl:21.14100/1e1f8673-af63-3702-a441-2a2e6ecdf942,hdl:21.14100/d641ad53-f117-3ee3-840b-d71dcd81fcf0,hdl:21.14100/0984ae4e-9e49-31f0-a60a-a2784d88e12c,hdl:21.14100/203ff029-395f-3146-b5b9-8719fe4d0e97
CMIP6_MRI_MRI-ESM2-0_ssp245_r1i1p1f1_day_gn_20190603,hdl:21.14100/9835e72d-fbbd-360f-90d5-37d29becef01,hdl:21.14100/0fcb67c3-56c1-3cb8-bdfb-d959b5adef64,hdl:21.14100/029bbffc-b4c9-3f6f-a967-4d2a7c79c358,hdl:21.14100/615f564d-2455-3a7a-a8ce-2c910296cdea,hdl:21.14100/fb83869e-0b2f-3739-a57b-88cbd48530eb
CMIP6_MRI_MRI-ESM2-0_ssp370_r1i1p1f1_day_gn_20190603,hdl:21.14100/760de2da-424f-3793-873b-efa41fcb3755,hdl:21.14100/13c43928-84eb-388a-a717-9724ed8607d2,hdl:21.14100/1baaaeea-b11e-38ef-8711-0e484eb477bf,hdl:21.14100/f1c920c2-b45f-31c4-b8f9-c3d73ad50efc,hdl:21.14100/7b2164bd-4a30-3019-aa72-2a1450881e1c
CMIP6_MRI_MRI-ESM2-0_ssp460_r1i1p1f1_day_gn_20190603,hdl:21.14100/1771956b-c86d-347b-83b2-7867808a374e,hdl:21.14100/d5a312f8-3bd0-384e-a972-36df1dbe1d0c,hdl:21.14100/5f14ec89-8404-3fec-b8da-199b69c43390,hdl:21.14100/619fde40-2f1c-3867-a666-ea0731e38c73,hdl:21.14100/5dfe68be-4233-3c9f-aef0-00dfa9887ccc
CMIP6_MRI_MRI-ESM2-0_ssp585_r1i1p1f1_day_gn_20191108,hdl:21.14100/341c7f92-5864-3442-ac7d-afd637dc424b,hdl:21.14100/3b4e7667-0d83-3e88-9722-1d83bf38f948,hdl:21.14100/e16def29-e2e0-3435-b75e-6584612d8746,hdl:21.14100/b80a77fd-5503-3945-9fe1-e7671f95e228,hdl:21.14100/d3d52174-f7b6-3409-914b-1576f90aed8d
CMIP6_NCAR_CESM2-WACCM_historical_r1i1p1f1_day_gn_20190227,NA,hdl:21.14100/0efb48b0-94fb-3942-9297-12cd94a033e5,hdl:21.14100/3b8cba13-d896-3f29-92a3-bb37a529cb8d,NA,NA
CMIP6_NCAR_CESM2-WACCM_historical_r1i1p1f1_day_gn_20190415,hdl:21.14100/3d8686fe-41a6-3d3c-9a06-34c086231e40,NA,NA,NA,NA
CMIP6_NCAR_CESM2-WACCM_ssp126_r1i1p1f1_day_gn_20190815,hdl:21.14100/b8d26e72-90aa-3f41-ac7b-321c265e4544,hdl:21.14100/34c99809-29cc-38a9-be94-a0ac766aad40,hdl:21.14100/34630da8-c557-3c28-b29d-88f37233d1a1,NA,NA
CMIP6_NCAR_CESM2-WACCM_ssp245_r1i1p1f1_day_gn_20190815,hdl:21.14100/e7334780-5a4b-3fb7-b1d4-d89a19153637,hdl:21.14100/9c1f0a70-2ff9-3fdd-9271-1045f32bf12e,hdl:21.14100/8922f655-d4e6-39b2-923b-83a14f0bf25f,NA,NA
CMIP6_NCAR_CESM2-WACCM_ssp370_r1i1p1f1_day_gn_20190815,hdl:21.14100/f9e5e1ba-a41d-32e4-a60f-bea67660be47,hdl:21.14100/a4aacb6f-56e6-3809-a854-83c627ae41a9,hdl:21.14100/113ae79f-96ed-362b-b0ae-45b2822f7361,NA,NA
CMIP6_NCAR_CESM2-WACCM_ssp585_r1i1p1f1_day_gn_20200702,hdl:21.14100/b31344b1-e12e-33d8-ab43-a4cacd82d83a,hdl:21.14100/6dcb11ae-f313-3a8c-a6c7-847821fb383a,hdl:21.14100/ea0c38cb-b9d1-3038-b7e4-0724f0a6a040,NA,NA
CMIP6_NCAR_CESM2_historical_r4i1p1f1_day_gn_20190308,hdl:21.14100/0d44e2fe-3097-3cfa-b5c7-ce16b794bf5a,hdl:21.14100/de0599ce-0a3f-3b05-96d1-ce3eded2d1d7,NA,NA,NA
CMIP6_NCAR_CESM2_ssp126_r4i1p1f1_day_gn_20200528,hdl:21.14100/9f047d37-6ce5-3943-ba08-91e3625b922f,hdl:21.14100/b0c35ad9-a622-3f94-bb6e-b211713b9f53,hdl:21.14100/f1c39be6-ddd2-3bbd-ba11-54277e99f22a,hdl:21.14100/bc616a5e-804f-335b-b632-c2c3888b9cc3,hdl:21.14100/fe4cf6cf-3b9b-3f86-ab48-18a6e865856b
CMIP6_NCAR_CESM2_ssp245_r4i1p1f1_day_gn_20200528,hdl:21.14100/e36b2ea5-090a-3a74-afd3-55c789d7d2b9,hdl:21.14100/1b662449-c474-3806-929a-ce8018b30560,hdl:21.14100/bac579dd-0133-3580-a8ed-f3ff02678ee3,hdl:21.14100/42ee9b52-8890-3343-b1fe-ae933e90a646,hdl:21.14100/1806d32e-cbda-3358-96e7-7fcbdba2c0a1
CMIP6_NCAR_CESM2_ssp370_r4i1p1f1_day_gn_20200528,hdl:21.14100/dbddf7f3-5966-3802-8bea-cd218feafbfc,hdl:21.14100/524eecd9-f399-32cf-8e90-de24e35218d6,hdl:21.14100/5d343e26-eae5-36ea-86c7-5c5ceb13b90d,hdl:21.14100/3d3fe3c5-aa63-3806-88cb-2e69257f1037,hdl:21.14100/b95189fa-b319-3cd3-8e41-496ae1852ef6
CMIP6_NCAR_CESM2_ssp585_r4i1p1f1_day_gn_20200528,hdl:21.14100/f5ef00b3-048f-3130-9e5b-18ba49fd4fc8,hdl:21.14100/ec255c2b-ef5e-3e6f-a2c2-3522c4c92ac9,hdl:21.14100/5be89d62-0a46-3289-a7f7-b8d4ee80f421,hdl:21.14100/66c923a2-e759-3982-a38b-53f52b79a5ca,hdl:21.14100/e2965766-608b-3b48-bd61-6826c91def99
CMIP6_NCC_NorESM2-LM_historical_r1i1p1f1_day_gn_20190815,hdl:21.14100/94f28c92-8630-3429-ad33-488738b19678,hdl:21.14100/93dc363d-c37c-3cd3-916a-e857100ab996,hdl:21.14100/227de29e-9c0f-3564-8487-59ac1061b7f1,hdl:21.14100/62c77f7b-8fef-3dd9-9f35-1ef4e1a0a7ce,hdl:21.14100/c1a4f567-cec4-31d6-9114-53e14117003d
CMIP6_NCC_NorESM2-LM_ssp126_r1i1p1f1_day_gn_20191108,hdl:21.14100/649137bd-26c9-32dd-9c61-09641535c284,hdl:21.14100/378d2224-b05e-396a-97fe-78a757486ced,hdl:21.14100/2dba3d6d-dc21-3958-9d39-73623b70d87f,hdl:21.14100/681690ae-449a-363a-b663-c555568ba4a4,hdl:21.14100/d3a9e453-be04-3b95-a936-3577323548c6
CMIP6_NCC_NorESM2-LM_ssp245_r1i1p1f1_day_gn_20191108,hdl:21.14100/660ee77e-1e0b-305a-af9b-8752871204e8,hdl:21.14100/4377b2c1-a3a8-3fa4-92e2-09045e7dc2b1,hdl:21.14100/368a5af7-248d-341f-94c1-f4f290ba53b1,hdl:21.14100/2d53b889-07fe-3c34-862c-9946e4fe6ee7,hdl:21.14100/770886e0-6d68-3442-81b9-56c40e31a4d1
CMIP6_NCC_NorESM2-LM_ssp370_r1i1p1f1_day_gn_20191108,hdl:21.14100/8f2e7af7-8978-334a-8826-971778bc6e0a,hdl:21.14100/5e8b1204-8a26-3837-8aa3-818d19b7def4,hdl:21.14100/fc7b76af-ea80-3684-bf84-a68411b4e900,hdl:21.14100/5bb58910-af27-3140-b4c1-7e58eda7e5e0,hdl:21.14100/cf6ead37-816e-3499-a05f-083fe6143640
CMIP6_NCC_NorESM2-LM_ssp585_r1i1p1f1_day_gn_20191108,hdl:21.14100/c0086b84-96fa-3cc2-910d-323a65d27346,hdl:21.14100/713f7f80-5933-3abf-bc3e-bb3ed14b7d37,hdl:21.14100/479a77c3-c177-3ed9-9a26-52a7742dce0a,hdl:21.14100/dcd1edee-cd1b-39d2-a05d-bd53c26e4695,hdl:21.14100/c2d11c1a-192e-3d10-a84f-f7a816d40e3c
CMIP6_NCC_NorESM2-MM_historical_r1i1p1f1_day_gn_20191108,hdl:21.14100/21c362b2-7c47-370e-a974-7b4c5e294d99,hdl:21.14100/66905d2c-0f2e-33d1-ab7c-0eaf25acece9,hdl:21.14100/627e58af-2e5d-352a-9d22-e059cf755550,hdl:21.14100/3abe634b-175e-3568-a520-e8ef7f6d1e56,hdl:21.14100/4615fac0-cc0e-3c0d-a418-9742c5a99c2c
CMIP6_NCC_NorESM2-MM_ssp126_r1i1p1f1_day_gn_20191108,hdl:21.14100/fc6e09ea-6c2a-3d55-96eb-b0e8adace486,hdl:21.14100/f982ed41-6f30-3106-b339-34fbdc22e18d,hdl:21.14100/ebe3192f-1886-32aa-aa2a-dcaa11c9e9c3,hdl:21.14100/b342a8a3-6d05-3dbe-b624-42a67738a5a5,hdl:21.14100/ce7c8a3c-36b3-3ae9-9037-476d40d9e0ad
CMIP6_NCC_NorESM2-MM_ssp245_r1i1p1f1_day_gn_20191108,hdl:21.14100/2b1607e2-84e8-36ab-a7bb-f89f45f11ce5,hdl:21.14100/fd96bc50-f77d-313a-a32f-82f38e19c491,hdl:21.14100/7823fa2b-4e0b-3977-bd65-7883fe66327e,hdl:21.14100/7872b44c-1b1c-3df8-86db-5e129d378331,hdl:21.14100/9b65dc8e-46c3-3ce4-9e7f-fefa3b1147da
CMIP6_NCC_NorESM2-MM_ssp370_r1i1p1f1_day_gn_20191108,hdl:21.14100/71050044-de3a-3ed9-8c13-c263b60bf164,hdl:21.14100/2698a8ef-fffc-37c0-8be5-6db1eb98022c,hdl:21.14100/b5254d74-6861-3ef9-895a-1dcb9810cb54,hdl:21.14100/f7f4960a-9905-3caf-bcf9-04a6e141a270,hdl:21.14100/410421e7-8549-3d73-a2aa-99ab8bbe4e5c
CMIP6_NCC_NorESM2-MM_ssp585_r1i1p1f1_day_gn_20191108,hdl:21.14100/4e72956c-4c22-3bf2-962c-d8b46407a37c,hdl:21.14100/5bf1b0ef-13b2-36ed-8a18-0fd794635513,hdl:21.14100/1038aeb5-4820-3e50-baf2-7dfe3477ff07,hdl:21.14100/75819606-a164-3cae-8186-cc8fbc2e6d82,hdl:21.14100/156d0028-aca7-3374-9cb3-b03d97d08322
CMIP6_NIMS-KMA_KACE-1-0-G_historical_r2i1p1f1_day_gr_20190920,hdl:21.14100/397f9d51-300c-377f-87de-25cea3fefbd9,hdl:21.14100/0c1ac168-6373-3468-ba36-aaeb5491d031,NA,NA,NA
CMIP6_NIMS-KMA_KACE-1-0-G_historical_r2i1p1f1_day_gr_20200317,NA,NA,hdl:21.14100/3caf6c2c-ddff-39df-9774-e446e8bdb582,hdl:21.14100/af5dbe0c-3659-316f-8f42-bf6fd4acae66,hdl:21.14100/1a91bad7-c4f0-3867-88e4-de161be3fb1e
CMIP6_NIMS-KMA_KACE-1-0-G_ssp126_r2i1p1f1_day_gr_20191011,hdl:21.14100/058b3988-8c55-3d5d-a85d-5c197a8a9e2b,hdl:21.14100/9166bb33-d215-3d5d-9f49-f171b4f9af84,hdl:21.14100/b5261de5-4798-3a87-b17b-cb953ae73250,NA,NA
CMIP6_NIMS-KMA_KACE-1-0-G_ssp126_r2i1p1f1_day_gr_20200316,NA,NA,NA,hdl:21.14100/e6deea9b-9155-3cfb-88d3-bd3870f06293,hdl:21.14100/d9043b06-ca4a-33c9-9f00-f38142f2f7d6
CMIP6_NIMS-KMA_KACE-1-0-G_ssp245_r2i1p1f1_day_gr_20191125,hdl:21.14100/cbd9ba66-5020-39c2-8059-d4c62001c212,hdl:21.14100/6d7d10ec-b14e-3ae4-b200-8e809ca4592c,NA,NA,NA
CMIP6_NIMS-KMA_KACE-1-0-G_ssp370_r2i1p1f1_day_gr_20191128,hdl:21.14100/30104bdf-1018-35cf-9a09-9d38b9dee323,hdl:21.14100/e5b1f757-16b0-35a4-a6ea-b16063a106cc,NA,NA,NA
CMIP6_NIMS-KMA_KACE-1-0-G_ssp585_r2i1p1f1_day_gr_20191011,hdl:21.14100/b82d0c38-1235-3bbc-b315-4c297a5bbd20,hdl:21.14100/019c194a-5925-35df-9504-43be9c425782,NA,NA,NA
CMIP6_NIMS-KMA_KACE-1-0-G_ssp585_r2i1p1f1_day_gr_20200317,NA,NA,hdl:21.14100/9a200c93-e8b6-3546-99a3-970be15ee7c6,hdl:21.14100/06849574-c7fb-3d38-919d-ec9e43d1ef5d,hdl:21.14100/945f1f6c-4894-3073-bb2b-9f8e151dd706
CMIP6_NOAA-GFDL_GFDL-CM4_historical_r1i1p1f1_day_gr1_20180701,hdl:21.14100/4e278d19-2480-3017-960f-92f0b3c6ddcb,hdl:21.14100/306caaa3-f0e6-3ed5-8361-8f3c6b744e98,hdl:21.14100/52f4bd31-2ba1-3d0d-87b5-11c7f9e3983c,hdl:21.14100/f16ba40a-fd48-35c6-b52f-ec5bfd03dcca,hdl:21.14100/4872c2fa-f64d-3617-b3fc-f0cd9476a47f
CMIP6_NOAA-GFDL_GFDL-CM4_historical_r1i1p1f1_day_gr2_20180701,hdl:21.14100/f8056acb-726a-380f-9c24-2f207ec3ab11,hdl:21.14100/73bfc5ba-5fc1-3c56-a9db-d69a3435bf9c,hdl:21.14100/4dc36b36-ef29-33fa-aa39-ca001c7ce734,hdl:21.14100/cd8ecc01-7ecd-382c-bb15-949d1ab6a21a,hdl:21.14100/5a34750a-da6b-34bc-ab42-b1c96b17a725
CMIP6_NOAA-GFDL_GFDL-CM4_ssp245_r1i1p1f1_day_gr1_20180701,hdl:21.14100/6545ee7b-27fd-3c22-beca-df4a5852b545,hdl:21.14100/cfc8ca92-7edf-30bc-bf58-9d8223e901ab,hdl:21.14100/d9d6a999-2d6f-36c6-81b5-df0124bfcaaa,hdl:21.14100/8ed882ba-9f7c-393b-83f4-02ca513a8cb4,hdl:21.14100/ec33f128-0871-30e9-bd43-dcefbc0222b3
CMIP6_NOAA-GFDL_GFDL-CM4_ssp245_r1i1p1f1_day_gr2_20180701,hdl:21.14100/2fb95c54-e3ea-3b18-89fc-1135993b713f,hdl:21.14100/91e6907b-a46c-3166-9148-e6e87df340eb,hdl:21.14100/e9e394e4-2ae3-3f53-979a-8004f2dc4157,hdl:21.14100/ab2fde4c-df91-3f29-8bdf-cec6417e0bdc,hdl:21.14100/948d4259-a11e-3381-948f-ecc30dfdf7de
CMIP6_NOAA-GFDL_GFDL-CM4_ssp585_r1i1p1f1_day_gr1_20180701,hdl:21.14100/049edd7c-3734-3b64-b8a5-72a52414dac2,hdl:21.14100/322785b1-6776-3b43-9b80-b62311d00f6a,hdl:21.14100/5f3e87e4-35be-3002-831f-45eb67d9261c,hdl:21.14100/246bf0af-1d5a-3578-a290-54ef63b01854,hdl:21.14100/6de0845c-7294-3b76-be99-760fbc422c94
CMIP6_NOAA-GFDL_GFDL-CM4_ssp585_r1i1p1f1_day_gr2_20180701,hdl:21.14100/ea8a48a4-e406-3912-b782-dc29450cb241,hdl:21.14100/a1418762-ed9d-3cfe-9c3e-9e69f72270a1,hdl:21.14100/70ea35ba-6ccd-3e16-a8de-d21e5884b154,hdl:21.14100/509c0599-f6ac-32e9-bcba-f9df68ff7519,hdl:21.14100/f80c5d47-88cd-3a91-ad10-c4391b1719a6
CMIP6_NOAA-GFDL_GFDL-ESM4_historical_r1i1p1f1_day_gr1_20190726,hdl:21.14100/fad1d07f-fb31-3ee3-87d7-471d5fa1e057,hdl:21.14100/7458c323-b99f-3df8-8118-5eb2d954e140,hdl:21.14100/2153d71d-c023-3c98-a086-1ecd4897fa78,hdl:21.14100/cca921ac-77f5-3881-8533-afec6797291a,hdl:21.14100/94fa4765-7758-34ed-b4cf-a0b8407da30a
CMIP6_NOAA-GFDL_GFDL-ESM4_ssp126_r1i1p1f1_day_gr1_20180701,hdl:21.14100/57be65b5-127a-3a71-b900-bd2257802509,hdl:21.14100/8d51eb76-c3c2-3240-9cbf-32d440769311,hdl:21.14100/7548bdc1-2ebe-3edc-8fb8-29919b8eef28,hdl:21.14100/1afa9ab4-8fe1-31e7-8f6b-1831155e2db4,hdl:21.14100/4bc99e97-2de5-3f87-adab-ef7ae31b21d5
CMIP6_NOAA-GFDL_GFDL-ESM4_ssp245_r1i1p1f1_day_gr1_20180701,hdl:21.14100/29939a65-9d71-37ac-8c07-460eaa2dabf5,hdl:21.14100/c701ebf0-7725-3af2-863b-9c702826949a,hdl:21.14100/30a8af74-1067-39c2-994d-36eb963353b4,hdl:21.14100/c54f79f1-a312-3461-96d6-6672c37392f8,hdl:21.14100/ce169a7d-14b0-394e-981f-4a7b906ba98d
CMIP6_NOAA-GFDL_GFDL-ESM4_ssp370_r1i1p1f1_day_gr1_20180701,hdl:21.14100/17f1a94b-8b98-3622-a16a-4b91e6e88e4f,hdl:21.14100/fe7f02c6-66dc-356b-bfc0-e6d552471ed4,hdl:21.14100/6595bfe7-18b7-3406-b2ea-ba9e3bcbfd14,hdl:21.14100/f6ad58b5-f18e-386d-ad0a-470a561c5f04,hdl:21.14100/683c2e5b-2cda-3c81-a7cb-193d832ede31
CMIP6_NOAA-GFDL_GFDL-ESM4_ssp585_r1i1p1f1_day_gr1_20180701,hdl:21.14100/4409adc7-b41b-3b8f-815f-99415055cd51,hdl:21.14100/fe15000c-05fd-331e-8868-87e804b79855,hdl:21.14100/e02387a0-85c6-374c-86fc-0256278cb283,hdl:21.14100/e9bca8a2-a46b-3913-8e41-21f8243d89f1,hdl:21.14100/05ad39b9-29ad-357f-aa8f-a8ee79ce2963
CMIP6_NUIST_NESM3_historical_r1i1p1f1_day_gn_20190812,hdl:21.14100/ba0ed2d3-69b1-3c31-9357-de6681799cef,hdl:21.14100/04d942bc-c5d8-354c-841e-50a3dbdbe577,hdl:21.14100/03b4dbe5-8605-3c05-9dac-b18778afced9,hdl:21.14100/1bb1687a-e4de-3f7f-b037-c798970bfd38,hdl:21.14100/ce825858-50b5-3847-9832-229461867f2f
CMIP6_NUIST_NESM3_ssp126_r1i1p1f1_day_gn_20190806,hdl:21.14100/563b2bfc-c35a-3883-895d-198554eaa8d5,hdl:21.14100/c29d5eff-9ba1-3515-b174-4f287191738e,hdl:21.14100/49c5ef52-46ba-38df-9c57-88d714fca7ca,hdl:21.14100/62e2adcc-2ee9-3299-bd1c-d75bcddc51a9,hdl:21.14100/0982554b-f488-3766-9b23-0690fe55c6b1
CMIP6_NUIST_NESM3_ssp245_r1i1p1f1_day_gn_20190805,hdl:21.14100/d9fdc19f-9b04-3a1f-9d8c-6d5defe499f3,hdl:21.14100/8db3d16d-dcf7-3e4c-b0de-e873ac6796f7,hdl:21.14100/5935b680-d172-3e45-aaa8-6bc38447d694,hdl:21.14100/a1c049ed-4ac6-3af3-a3ac-8e96d5807de4,hdl:21.14100/354ccfd1-e01a-3d4d-935b-edc1c03ab8a0
CMIP6_NUIST_NESM3_ssp585_r1i1p1f1_day_gn_20190811,hdl:21.14100/fc9ad3f7-434a-3776-93aa-357689b5a6f7,hdl:21.14100/a89b618e-5e0e-3eab-9886-ea46c077d159,hdl:21.14100/70a130eb-f3d9-3b85-b7f7-9c8a85b3134a,hdl:21.14100/c0d7e512-3e3a-3fda-8700-cf4dbd42a5fd,hdl:21.14100/0706691e-5cdc-3f38-8258-5ed16c840f16
